case_name,mesh,element_type,kernel,nodes,elements,dofs,nnz,algorithm,threads,effective_threads,run_count,preprocess_ms,assembly_ms,total_ms,assembly_mean_ms,assembly_min_ms,assembly_max_ms,assembly_std_ms,total_mean_ms,total_min_ms,total_max_ms,total_std_ms,speedup,efficiency,preprocess_share,rel_l2,max_abs,extra_memory_bytes,peak_rss_mb,colors,prepare_allocate_ms,prepare_coloring_ms,prepare_owner_partition_ms,assembly_zero_ms,assembly_generate_ms,assembly_numeric_ms,assembly_merge_ms,assembly_sort_ms,assembly_reduce_ms,status,skip_reason,diagnostics,platform,omp_proc_bind,omp_places,omp_dynamic
"cube_tet4_8x8x8","cube_tet4_8x8x8",Tet4,physics_tet4,729,3072,2187,81873,cpu_serial,1,1,3,4.1e-05,1.301222,1.301222,1.301222,1.097041,1.459541,0.1515014957,1.301222,1.097041,1.459541,0.1515014957,1,1,3.150884323e-05,0,0,0,8.34375,0,0,0,0,0,0,1.301222,0,0,0,PASS,"","","macOS;arm64;Clang 21.0.0 (clang-2100.0.123.102);OpenMP 202011","","",""
"cube_tet4_8x8x8","cube_tet4_8x8x8",Tet4,physics_tet4,729,3072,2187,81873,cpu_atomic,1,1,3,0,1.334291667,1.334291667,1.334291667,1.322583,1.356333,0.01559569653,1.334291667,1.322583,1.356333,0.01559569653,0.9752155638,0.9752155638,0,0,0,0,9.40625,0,0,0,0,0,0,1.334291667,0,0,0,PASS,"","","macOS;arm64;Clang 21.0.0 (clang-2100.0.123.102);OpenMP 202011","","",""
"cube_tet4_8x8x8","cube_tet4_8x8x8",Tet4,physics_tet4,729,3072,2187,81873,cpu_private_csr,1,1,3,0.030083,1.245763667,1.275846667,1.245763667,1.141166,1.433416,0.1329813868,1.275846667,1.171249,1.463499,0.1329813868,1.04451754,1.04451754,0.02357885221,0,0,654984,11.03125,0,0.030083,0,0,0.002722333333,0,1.221680333,0,0,0.021361,PASS,"","","macOS;arm64;Clang 21.0.0 (clang-2100.0.123.102);OpenMP 202011","","",""
"cube_tet4_8x8x8","cube_tet4_8x8x8",Tet4,physics_tet4,729,3072,2187,81873,cpu_coo_sort_reduce,1,1,3,0.001292,9.995999667,9.995999667,9.995999667,9.337541,10.3535,0.4661724368,9.995999667,9.337541,10.3535,0.4661724368,0.130174274,0.130174274,0.000129251705,9.08896086e-17,3.051757812e-05,7077888,24.578125,0,0,0,0,0,1.321875,0,0.1146526667,8.422083333,0.1373886667,PASS,"","Transient memory estimate only; vector is allocated during assemble()","macOS;arm64;Clang 21.0.0 (clang-2100.0.123.102);OpenMP 202011","","",""
"cube_tet4_8x8x8","cube_tet4_8x8x8",Tet4,physics_tet4,729,3072,2187,81873,cpu_graph_coloring,1,1,3,0.313208,1.277333333,1.590541333,1.277333333,1.250875,1.299083,0.0199604855,1.590541333,1.564083,1.612291,0.0199604855,1.018701983,1.018701983,0.1969191202,8.818781652e-17,3.051757812e-05,24576,24.8125,30,0,0.313208,0,0,0,1.277333333,0,0,0,PASS,"","Greedy first-fit element coloring, colors=30","macOS;arm64;Clang 21.0.0 (clang-2100.0.123.102);OpenMP 202011","","",""
"cube_tet4_8x8x8","cube_tet4_8x8x8",Tet4,physics_tet4,729,3072,2187,81873,cpu_row_owner,1,1,3,0.887083,1.279208333,2.166291333,1.279208333,1.209209,1.377291,0.07143479493,2.166291333,2.096292,2.264374,0.07143479493,1.017208821,1.017208821,0.40949386,0,0,5308416,24.8125,0,0,0,0.887083,0,0,1.279208333,0,0,0,PASS,"","Owner-computes by CSR row block; no atomics, but elements may be recomputed by multiple owners","macOS;arm64;Clang 21.0.0 (clang-2100.0.123.102);OpenMP 202011","","",""
"cube_tet4_8x8x8","cube_tet4_8x8x8",Tet4,physics_tet4,729,3072,2187,81873,cpu_atomic,2,2,3,0,0.812153,0.812153,0.812153,0.769667,0.871417,0.04320024373,0.812153,0.769667,0.871417,0.04320024373,1.602188258,0.8010941288,0,3.20006597e-17,1.525878906e-05,0,24.875,0,0,0,0,0,0,0.812153,0,0,0,PASS,"","","macOS;arm64;Clang 21.0.0 (clang-2100.0.123.102);OpenMP 202011","","",""
"cube_tet4_8x8x8","cube_tet4_8x8x8",Tet4,physics_tet4,729,3072,2187,81873,cpu_private_csr,2,2,3,0.041125,0.767139,0.808264,0.767139,0.7125,0.8455,0.056828983,0.808264,0.753625,0.886625,0.056828983,1.69620108,0.8481005398,0.05088065286,4.199513372e-17,1.525878906e-05,1309968,25.5,0,0.041125,0,0,0.008319666667,0,0.724972,0,0,0.03384733333,PASS,"","","macOS;arm64;Clang 21.0.0 (clang-2100.0.123.102);OpenMP 202011","","",""
"cube_tet4_8x8x8","cube_tet4_8x8x8",Tet4,physics_tet4,729,3072,2187,81873,cpu_coo_sort_reduce,2,2,3,0.001583,8.933958,8.933958,8.933958,8.571208,9.458708,0.3799974232,8.933958,8.571208,9.458708,0.3799974232,0.1456489945,0.07282449727,0.0001771891025,9.08896086e-17,3.051757812e-05,7077888,32.28125,0,0,0,0,0,0.775875,0,0.1351943333,7.880111333,0.1427773333,PASS,"","Transient memory estimate only; vector is allocated during assemble()","macOS;arm64;Clang 21.0.0 (clang-2100.0.123.102);OpenMP 202011","","",""
"cube_tet4_8x8x8","cube_tet4_8x8x8",Tet4,physics_tet4,729,3072,2187,81873,cpu_graph_coloring,2,2,3,0.406375,1.493402667,1.899777667,1.493402667,1.406667,1.538458,0.061346853,1.899777667,1.813042,1.944833,0.061346853,0.871313564,0.435656782,0.2139066098,8.818781652e-17,3.051757812e-05,24576,32.328125,30,0,0.406375,0,0,0,1.493402667,0,0,0,PASS,"","Greedy first-fit element coloring, colors=30","macOS;arm64;Clang 21.0.0 (clang-2100.0.123.102);OpenMP 202011","","",""
"cube_tet4_8x8x8","cube_tet4_8x8x8",Tet4,physics_tet4,729,3072,2187,81873,cpu_row_owner,2,2,3,1.233125,0.901097,2.134222,0.901097,0.826416,0.973583,0.06010072097,2.134222,2.059541,2.206708,0.06010072097,1.444042095,0.7220210477,0.5777866595,0,0,5308416,37.4375,0,0,0,1.233125,0,0,0.901097,0,0,0,PASS,"","Owner-computes by CSR row block; no atomics, but elements may be recomputed by multiple owners","macOS;arm64;Clang 21.0.0 (clang-2100.0.123.102);OpenMP 202011","","",""
"cube_tet4_8x8x8","cube_tet4_8x8x8",Tet4,physics_tet4,729,3072,2187,81873,cpu_atomic,3,3,3,4.2e-05,0.6444996667,0.6444996667,0.6444996667,0.61875,0.681166,0.02662479386,0.6444996667,0.61875,0.681166,0.02662479386,2.018964582,0.6729881939,6.516682967e-05,5.09730219e-17,1.525878906e-05,0,37.515625,0,0,0,0,0,0,0.6444996667,0,0,0,PASS,"","","macOS;arm64;Clang 21.0.0 (clang-2100.0.123.102);OpenMP 202011","","",""
"cube_tet4_8x8x8","cube_tet4_8x8x8",Tet4,physics_tet4,729,3072,2187,81873,cpu_private_csr,3,3,3,0.150416,0.6383333333,0.7887493333,0.6383333333,0.509667,0.73925,0.09575879933,0.7887493333,0.660083,0.889666,0.09575879933,2.038467885,0.679489295,0.1907019044,5.841163809e-17,1.525878906e-05,1964952,39.40625,0,0.150416,0,0,0.01286133333,0,0.5956666667,0,0,0.02980533333,PASS,"","","macOS;arm64;Clang 21.0.0 (clang-2100.0.123.102);OpenMP 202011","","",""
"cube_tet4_8x8x8","cube_tet4_8x8x8",Tet4,physics_tet4,729,3072,2187,81873,cpu_coo_sort_reduce,3,3,3,0.001041,9.307291667,9.307291667,9.307291667,8.915167,10.049917,0.5253902858,9.307291667,8.915167,10.049917,0.5253902858,0.1398067286,0.04660224287,0.0001118477896,9.08896086e-17,3.051757812e-05,7077888,41.671875,0,0,0,0,0,0.657,0,0.169972,8.274903,0.2054166667,PASS,"","Transient memory estimate only; vector is allocated during assemble()","macOS;arm64;Clang 21.0.0 (clang-2100.0.123.102);OpenMP 202011","","",""
"cube_tet4_8x8x8","cube_tet4_8x8x8",Tet4,physics_tet4,729,3072,2187,81873,cpu_graph_coloring,3,3,3,0.259916,1.592361667,1.852277667,1.592361667,1.223084,1.912584,0.2836163862,1.852277667,1.483,2.1725,0.2836163862,0.817164861,0.272388287,0.1403223743,8.818781652e-17,3.051757812e-05,24576,41.6875,30,0,0.259916,0,0,0,1.592361667,0,0,0,PASS,"","Greedy first-fit element coloring, colors=30","macOS;arm64;Clang 21.0.0 (clang-2100.0.123.102);OpenMP 202011","","",""
"cube_tet4_8x8x8","cube_tet4_8x8x8",Tet4,physics_tet4,729,3072,2187,81873,cpu_row_owner,3,3,3,1.198209,0.8064166667,2.004625667,0.8064166667,0.707375,0.982875,0.1250868171,2.004625667,1.905584,2.181084,0.1250868171,1.613585202,0.537861734,0.5977220685,0,0,5308416,45,0,0,0,1.198209,0,0,0.8064166667,0,0,0,PASS,"","Owner-computes by CSR row block; no atomics, but elements may be recomputed by multiple owners","macOS;arm64;Clang 21.0.0 (clang-2100.0.123.102);OpenMP 202011","","",""
"cube_tet4_8x8x8","cube_tet4_8x8x8",Tet4,physics_tet4,729,3072,2187,81873,cpu_atomic,4,4,3,0,0.5195276667,0.5195276667,0.5195276667,0.508542,0.531041,0.009192753462,0.5195276667,0.508542,0.531041,0.009192753462,2.504625034,0.6261562586,0,5.542676848e-17,1.525878906e-05,0,45.015625,0,0,0,0,0,0,0.5195276667,0,0,0,PASS,"","","macOS;arm64;Clang 21.0.0 (clang-2100.0.123.102);OpenMP 202011","","",""
"cube_tet4_8x8x8","cube_tet4_8x8x8",Tet4,physics_tet4,729,3072,2187,81873,cpu_private_csr,4,4,3,0.019959,0.4703886667,0.4903476667,0.4703886667,0.445667,0.503916,0.02458171847,0.4903476667,0.465626,0.523875,0.02458171847,2.766269879,0.6915674697,0.04070377277,7.273770527e-17,1.525878906e-05,2619936,45.03125,0,0.019959,0,0,0.01772233333,0,0.419833,0,0,0.03283333333,PASS,"","","macOS;arm64;Clang 21.0.0 (clang-2100.0.123.102);OpenMP 202011","","",""
"cube_tet4_8x8x8","cube_tet4_8x8x8",Tet4,physics_tet4,729,3072,2187,81873,cpu_coo_sort_reduce,4,4,3,0.001584,10.116264,10.116264,10.116264,8.655708,11.674125,1.234182994,10.116264,8.655708,11.674125,1.234182994,0.1286267341,0.03215668353,0.0001565795436,9.08896086e-17,3.051757812e-05,7077888,51.421875,0,0,0,0,0,0.554264,0,0.1487223333,9.277708,0.1355696667,PASS,"","Transient memory estimate only; vector is allocated during assemble()","macOS;arm64;Clang 21.0.0 (clang-2100.0.123.102);OpenMP 202011","","",""
"cube_tet4_8x8x8","cube_tet4_8x8x8",Tet4,physics_tet4,729,3072,2187,81873,cpu_graph_coloring,4,4,3,0.27825,1.691083,1.969333,1.691083,1.583583,1.768208,0.07837337186,1.969333,1.861833,2.046458,0.07837337186,0.7694607538,0.1923651885,0.1412914931,8.818781652e-17,3.051757812e-05,24576,51.4375,30,0,0.27825,0,0,0,1.691083,0,0,0,PASS,"","Greedy first-fit element coloring, colors=30","macOS;arm64;Clang 21.0.0 (clang-2100.0.123.102);OpenMP 202011","","",""
"cube_tet4_8x8x8","cube_tet4_8x8x8",Tet4,physics_tet4,729,3072,2187,81873,cpu_row_owner,4,4,3,1.374209,0.651417,2.025626,0.651417,0.548917,0.702917,0.07247873251,2.025626,1.923126,2.077126,0.07247873251,1.997525395,0.4993813487,0.678412007,0,0,5308416,55.75,0,0,0,1.374209,0,0,0.651417,0,0,0,PASS,"","Owner-computes by CSR row block; no atomics, but elements may be recomputed by multiple owners","macOS;arm64;Clang 21.0.0 (clang-2100.0.123.102);OpenMP 202011","","",""
"cube_tet4_8x8x8","cube_tet4_8x8x8",Tet4,physics_tet4,729,3072,2187,81873,cpu_atomic,5,5,3,0,0.4086943333,0.4086943333,0.4086943333,0.404083,0.411125,0.003262301982,0.4086943333,0.404083,0.411125,0.003262301982,3.183851338,0.6367702676,0,7.223562016e-17,3.051757812e-05,0,55.796875,0,0,0,0,0,0,0.4086943333,0,0,0,PASS,"","","macOS;arm64;Clang 21.0.0 (clang-2100.0.123.102);OpenMP 202011","","",""
"cube_tet4_8x8x8","cube_tet4_8x8x8",Tet4,physics_tet4,729,3072,2187,81873,cpu_private_csr,5,5,3,0.174084,0.4559166667,0.6300006667,0.4559166667,0.416583,0.485083,0.0288743658,0.6300006667,0.590667,0.659167,0.0288743658,2.854078596,0.5708157192,0.2763235171,8.254147733e-17,1.525878906e-05,3274920,58.9375,0,0.174084,0,0,0.018597,0,0.3918613333,0,0,0.04545833333,PASS,"","","macOS;arm64;Clang 21.0.0 (clang-2100.0.123.102);OpenMP 202011","","",""
"cube_tet4_8x8x8","cube_tet4_8x8x8",Tet4,physics_tet4,729,3072,2187,81873,cpu_coo_sort_reduce,5,5,3,0.001208,8.709139,8.709139,8.709139,8.263583,9.188417,0.3783141216,8.709139,8.263583,9.188417,0.3783141216,0.1494087992,0.02988175984,0.0001387048708,9.08896086e-17,3.051757812e-05,7077888,62,0,0,0,0,0,0.504611,0,0.1452916667,7.918375,0.1408613333,PASS,"","Transient memory estimate only; vector is allocated during assemble()","macOS;arm64;Clang 21.0.0 (clang-2100.0.123.102);OpenMP 202011","","",""
"cube_tet4_8x8x8","cube_tet4_8x8x8",Tet4,physics_tet4,729,3072,2187,81873,cpu_graph_coloring,5,5,3,0.37275,1.102194667,1.474944667,1.102194667,1.090417,1.111209,0.008710293693,1.474944667,1.463167,1.483959,0.008710293693,1.180573668,0.2361147335,0.252721345,8.818781652e-17,3.051757812e-05,24576,62.015625,30,0,0.37275,0,0,0,1.102194667,0,0,0,PASS,"","Greedy first-fit element coloring, colors=30","macOS;arm64;Clang 21.0.0 (clang-2100.0.123.102);OpenMP 202011","","",""
"cube_tet4_8x8x8","cube_tet4_8x8x8",Tet4,physics_tet4,729,3072,2187,81873,cpu_row_owner,5,5,3,0.824167,0.4648193333,1.288986333,0.4648193333,0.464416,0.46525,0.0003410272065,1.288986333,1.288583,1.289417,0.0003410272065,2.79941454,0.5598829079,0.6393915736,0,0,5308416,62.546875,0,0,0,0.824167,0,0,0.4648193333,0,0,0,PASS,"","Owner-computes by CSR row block; no atomics, but elements may be recomputed by multiple owners","macOS;arm64;Clang 21.0.0 (clang-2100.0.123.102);OpenMP 202011","","",""
"cube_tet4_8x8x8","cube_tet4_8x8x8",Tet4,physics_tet4,729,3072,2187,81873,cpu_atomic,6,6,3,4.2e-05,0.324361,0.324361,0.324361,0.316458,0.332875,0.006716123038,0.324361,0.316458,0.332875,0.006716123038,4.011647516,0.6686079194,0.0001294853574,7.887040094e-17,1.525878906e-05,0,62.59375,0,0,0,0,0,0,0.324361,0,0,0,PASS,"","","macOS;arm64;Clang 21.0.0 (clang-2100.0.123.102);OpenMP 202011","","",""
"cube_tet4_8x8x8","cube_tet4_8x8x8",Tet4,physics_tet4,729,3072,2187,81873,cpu_private_csr,6,6,3,0.028667,0.3013193333,0.3299863333,0.3013193333,0.293583,0.306083,0.005519061535,0.3299863333,0.32225,0.33475,0.005519061535,4.318415236,0.7197358727,0.08687329475,9.266838827e-17,1.525878906e-05,3929904,62.59375,0,0.028667,0,0,0.01855566667,0,0.2466106667,0,0,0.036153,PASS,"","","macOS;arm64;Clang 21.0.0 (clang-2100.0.123.102);OpenMP 202011","","",""
"cube_tet4_8x8x8","cube_tet4_8x8x8",Tet4,physics_tet4,729,3072,2187,81873,cpu_coo_sort_reduce,6,6,3,0.001333,8.523722333,8.523722333,8.523722333,8.347875,8.676292,0.1350822436,8.523722333,8.347875,8.676292,0.1350822436,0.1526588912,0.02544314853,0.0001563870746,9.08896086e-17,3.051757812e-05,7077888,63.828125,0,0,0,0,0,0.3876946667,0,0.1255973333,7.860152667,0.1502776667,PASS,"","Transient memory estimate only; vector is allocated during assemble()","macOS;arm64;Clang 21.0.0 (clang-2100.0.123.102);OpenMP 202011","","",""
"cube_tet4_8x8x8","cube_tet4_8x8x8",Tet4,physics_tet4,729,3072,2187,81873,cpu_graph_coloring,6,6,3,0.2365,1.592930333,1.829430333,1.592930333,1.572833,1.625958,0.02353666001,1.829430333,1.809333,1.862458,0.02353666001,0.816873138,0.136145523,0.1292752152,8.818781652e-17,3.051757812e-05,24576,63.84375,30,0,0.2365,0,0,0,1.592930333,0,0,0,PASS,"","Greedy first-fit element coloring, colors=30","macOS;arm64;Clang 21.0.0 (clang-2100.0.123.102);OpenMP 202011","","",""
"cube_tet4_8x8x8","cube_tet4_8x8x8",Tet4,physics_tet4,729,3072,2187,81873,cpu_row_owner,6,6,3,0.854125,0.4304026667,1.284527667,0.4304026667,0.412958,0.447625,0.01415361665,1.284527667,1.267083,1.30175,0.01415361665,3.023266584,0.5038777641,0.6649331285,0,0,5308416,64.828125,0,0,0,0.854125,0,0,0.4304026667,0,0,0,PASS,"","Owner-computes by CSR row block; no atomics, but elements may be recomputed by multiple owners","macOS;arm64;Clang 21.0.0 (clang-2100.0.123.102);OpenMP 202011","","",""
"cube_tet4_8x8x8","cube_tet4_8x8x8",Tet4,physics_tet4,729,3072,2187,81873,cpu_atomic,7,7,3,0,0.359222,0.359222,0.359222,0.3005,0.416833,0.04749924535,0.359222,0.3005,0.416833,0.04749924535,3.622333821,0.5174762602,0,8.433561669e-17,1.525878906e-05,0,64.859375,0,0,0,0,0,0,0.359222,0,0,0,PASS,"","","macOS;arm64;Clang 21.0.0 (clang-2100.0.123.102);OpenMP 202011","","",""
"cube_tet4_8x8x8","cube_tet4_8x8x8",Tet4,physics_tet4,729,3072,2187,81873,cpu_private_csr,7,7,3,0.033459,0.2871526667,0.3206116667,0.2871526667,0.281333,0.290708,0.004148739594,0.3206116667,0.314792,0.324167,0.004148739594,4.531464099,0.6473520142,0.1043598954,1.012241833e-16,1.525878906e-05,4584888,64.859375,0,0.033459,0,0,0.02230533333,0,0.228125,0,0,0.03672233333,PASS,"","","macOS;arm64;Clang 21.0.0 (clang-2100.0.123.102);OpenMP 202011","","",""
"cube_tet4_8x8x8","cube_tet4_8x8x8",Tet4,physics_tet4,729,3072,2187,81873,cpu_coo_sort_reduce,7,7,3,0.005333,8.317277667,8.317277667,8.317277667,8.095083,8.631125,0.2282329438,8.317277667,8.095083,8.631125,0.2282329438,0.1564480654,0.02234972362,0.0006411953783,9.08896086e-17,3.051757812e-05,7077888,66.515625,0,0,0,0,0,0.3899303333,0,0.1310696667,7.664166333,0.1321113333,PASS,"","Transient memory estimate only; vector is allocated during assemble()","macOS;arm64;Clang 21.0.0 (clang-2100.0.123.102);OpenMP 202011","","",""
"cube_tet4_8x8x8","cube_tet4_8x8x8",Tet4,physics_tet4,729,3072,2187,81873,cpu_graph_coloring,7,7,3,0.248542,1.882763667,2.131305667,1.882763667,1.704125,2.210791,0.2322575283,2.131305667,1.952667,2.459333,0.2322575283,0.6911233858,0.09873191226,0.1166149013,8.818781652e-17,3.051757812e-05,24576,66.5625,30,0,0.248542,0,0,0,1.882763667,0,0,0,PASS,"","Greedy first-fit element coloring, colors=30","macOS;arm64;Clang 21.0.0 (clang-2100.0.123.102);OpenMP 202011","","",""
"cube_tet4_8x8x8","cube_tet4_8x8x8",Tet4,physics_tet4,729,3072,2187,81873,cpu_row_owner,7,7,3,0.837958,0.3965696667,1.234527667,0.3965696667,0.390209,0.406709,0.007246665501,1.234527667,1.228167,1.244667,0.007246665501,3.281193973,0.4687419961,0.6787681011,0,0,5308416,67.46875,0,0,0,0.837958,0,0,0.3965696667,0,0,0,PASS,"","Owner-computes by CSR row block; no atomics, but elements may be recomputed by multiple owners","macOS;arm64;Clang 21.0.0 (clang-2100.0.123.102);OpenMP 202011","","",""
"cube_tet4_8x8x8","cube_tet4_8x8x8",Tet4,physics_tet4,729,3072,2187,81873,cpu_atomic,8,8,3,0,0.343125,0.343125,0.343125,0.305708,0.382792,0.03150960318,0.343125,0.305708,0.382792,0.03150960318,3.792268124,0.4740335155,0,7.311143683e-17,1.525878906e-05,0,67.5,0,0,0,0,0,0,0.343125,0,0,0,PASS,"","","macOS;arm64;Clang 21.0.0 (clang-2100.0.123.102);OpenMP 202011","","",""
"cube_tet4_8x8x8","cube_tet4_8x8x8",Tet4,physics_tet4,729,3072,2187,81873,cpu_private_csr,8,8,3,0.038333,0.3123473333,0.3506803333,0.3123473333,0.290041,0.353959,0.02944938712,0.3506803333,0.328374,0.392292,0.02944938712,4.165945603,0.5207432004,0.1093103786,1.111086801e-16,1.525878906e-05,5239872,67.5,0,0.038333,0,0,0.021,0,0.2322086667,0,0,0.05913866667,PASS,"","","macOS;arm64;Clang 21.0.0 (clang-2100.0.123.102);OpenMP 202011","","",""
"cube_tet4_8x8x8","cube_tet4_8x8x8",Tet4,physics_tet4,729,3072,2187,81873,cpu_coo_sort_reduce,8,8,3,0.001083,8.320847667,8.320847667,8.320847667,8.2035,8.439584,0.09638589129,8.320847667,8.2035,8.439584,0.09638589129,0.1563809424,0.0195476178,0.0001301550086,9.08896086e-17,3.051757812e-05,7077888,69.109375,0,0,0,0,0,0.3549723333,0,0.1251113333,7.692583333,0.1481806667,PASS,"","Transient memory estimate only; vector is allocated during assemble()","macOS;arm64;Clang 21.0.0 (clang-2100.0.123.102);OpenMP 202011","","",""
"cube_tet4_8x8x8","cube_tet4_8x8x8",Tet4,physics_tet4,729,3072,2187,81873,cpu_graph_coloring,8,8,3,0.249584,1.752638667,2.002222667,1.752638667,1.71675,1.777791,0.02605062456,2.002222667,1.966334,2.027375,0.02605062456,0.7424359765,0.09280449707,0.1246534684,8.818781652e-17,3.051757812e-05,24576,69.125,30,0,0.249584,0,0,0,1.752638667,0,0,0,PASS,"","Greedy first-fit element coloring, colors=30","macOS;arm64;Clang 21.0.0 (clang-2100.0.123.102);OpenMP 202011","","",""
"cube_tet4_8x8x8","cube_tet4_8x8x8",Tet4,physics_tet4,729,3072,2187,81873,cpu_row_owner,8,8,3,0.798083,0.375028,1.173111,0.375028,0.365875,0.391084,0.01139040465,1.173111,1.163958,1.189167,0.01139040465,3.469666265,0.4337082831,0.6803132866,0,0,5308416,69.125,0,0,0,0.798083,0,0,0.375028,0,0,0,PASS,"","Owner-computes by CSR row block; no atomics, but elements may be recomputed by multiple owners","macOS;arm64;Clang 21.0.0 (clang-2100.0.123.102);OpenMP 202011","","",""
"cube_tet4_8x8x8","cube_tet4_8x8x8",Tet4,physics_tet4,729,3072,2187,81873,cpu_atomic,9,9,3,0,0.2943473333,0.2943473333,0.2943473333,0.290125,0.299625,0.003949497549,0.2943473333,0.290125,0.299625,0.003949497549,4.420702526,0.4911891696,0,6.688750652e-17,1.525878906e-05,0,69.15625,0,0,0,0,0,0,0.2943473333,0,0,0,PASS,"","","macOS;arm64;Clang 21.0.0 (clang-2100.0.123.102);OpenMP 202011","","",""
"cube_tet4_8x8x8","cube_tet4_8x8x8",Tet4,physics_tet4,729,3072,2187,81873,cpu_private_csr,9,9,3,0.045042,0.281917,0.326959,0.281917,0.278375,0.287917,0.004265658527,0.326959,0.323417,0.332959,0.004265658527,4.61562091,0.5128467677,0.137760392,1.136436303e-16,3.051757812e-05,5894856,69.15625,0,0.045042,0,0,0.02331966667,0,0.1936246667,0,0,0.06497266667,PASS,"","","macOS;arm64;Clang 21.0.0 (clang-2100.0.123.102);OpenMP 202011","","",""
"cube_tet4_8x8x8","cube_tet4_8x8x8",Tet4,physics_tet4,729,3072,2187,81873,cpu_coo_sort_reduce,9,9,3,0.001083,8.112569667,8.112569667,8.112569667,8.091417,8.128375,0.01555461178,8.112569667,8.091417,8.128375,0.01555461178,0.1603957875,0.01782175416,0.0001334965423,9.08896086e-17,3.051757812e-05,7077888,69.203125,0,0,0,0,0,0.3370836667,0,0.1321803333,7.508569333,0.1347363333,PASS,"","Transient memory estimate only; vector is allocated during assemble()","macOS;arm64;Clang 21.0.0 (clang-2100.0.123.102);OpenMP 202011","","",""
"cube_tet4_8x8x8","cube_tet4_8x8x8",Tet4,physics_tet4,729,3072,2187,81873,cpu_graph_coloring,9,9,3,0.293458,1.947889,2.241347,1.947889,1.857625,2.001625,0.06421173874,2.241347,2.151083,2.295083,0.06421173874,0.668016504,0.074224056,0.1309293028,8.818781652e-17,3.051757812e-05,24576,69.203125,30,0,0.293458,0,0,0,1.947889,0,0,0,PASS,"","Greedy first-fit element coloring, colors=30","macOS;arm64;Clang 21.0.0 (clang-2100.0.123.102);OpenMP 202011","","",""
"cube_tet4_8x8x8","cube_tet4_8x8x8",Tet4,physics_tet4,729,3072,2187,81873,cpu_row_owner,9,9,3,0.771334,0.4210836667,1.192417667,0.4210836667,0.332167,0.469667,0.06296372412,1.192417667,1.103501,1.241001,0.06296372412,3.090174478,0.3433527198,0.6468656257,0,0,5308416,69.21875,0,0,0,0.771334,0,0,0.4210836667,0,0,0,PASS,"","Owner-computes by CSR row block; no atomics, but elements may be recomputed by multiple owners","macOS;arm64;Clang 21.0.0 (clang-2100.0.123.102);OpenMP 202011","","",""
"cube_tet4_8x8x8","cube_tet4_8x8x8",Tet4,physics_tet4,729,3072,2187,81873,cpu_atomic,10,10,3,4.2e-05,0.247278,0.247278,0.247278,0.239583,0.255042,0.006311298915,0.247278,0.239583,0.255042,0.006311298915,5.262182645,0.5262182645,0.0001698493194,6.258949222e-17,3.051757812e-05,0,69.234375,0,0,0,0,0,0,0.247278,0,0,0,PASS,"","","macOS;arm64;Clang 21.0.0 (clang-2100.0.123.102);OpenMP 202011","","",""
"cube_tet4_8x8x8","cube_tet4_8x8x8",Tet4,physics_tet4,729,3072,2187,81873,cpu_private_csr,10,10,3,0.049417,0.3914583333,0.4408753333,0.3914583333,0.384375,0.395458,0.005022613684,0.4408753333,0.433792,0.444875,0.005022613684,3.324037041,0.3324037041,0.1120883757,1.141733381e-16,3.051757812e-05,6549840,69.234375,0,0.049417,0,0,0.02784733333,0,0.290264,0,0,0.073347,PASS,"","","macOS;arm64;Clang 21.0.0 (clang-2100.0.123.102);OpenMP 202011","","",""
"cube_tet4_8x8x8","cube_tet4_8x8x8",Tet4,physics_tet4,729,3072,2187,81873,cpu_coo_sort_reduce,10,10,3,0.001083,8.188694333,8.188694333,8.188694333,7.953792,8.435416,0.1967997151,8.188694333,7.953792,8.435416,0.1967997151,0.158904698,0.0158904698,0.0001322555167,9.08896086e-17,3.051757812e-05,7077888,69.3125,0,0,0,0,0,0.3419163333,0,0.1196253333,7.586416667,0.140736,PASS,"","Transient memory estimate only; vector is allocated during assemble()","macOS;arm64;Clang 21.0.0 (clang-2100.0.123.102);OpenMP 202011","","",""
"cube_tet4_8x8x8","cube_tet4_8x8x8",Tet4,physics_tet4,729,3072,2187,81873,cpu_graph_coloring,10,10,3,0.235708,2.0255,2.261208,2.0255,1.960125,2.095667,0.05543843967,2.261208,2.195833,2.331375,0.05543843967,0.6424201432,0.06424201432,0.1042398576,8.818781652e-17,3.051757812e-05,24576,69.328125,30,0,0.235708,0,0,0,2.0255,0,0,0,PASS,"","Greedy first-fit element coloring, colors=30","macOS;arm64;Clang 21.0.0 (clang-2100.0.123.102);OpenMP 202011","","",""
"cube_tet4_8x8x8","cube_tet4_8x8x8",Tet4,physics_tet4,729,3072,2187,81873,cpu_row_owner,10,10,3,0.806875,0.3158333333,1.122708333,0.3158333333,0.31425,0.318875,0.002151388441,1.122708333,1.121125,1.12575,0.002151388441,4.119964116,0.4119964116,0.7186862127,0,0,5308416,69.328125,0,0,0,0.806875,0,0,0.3158333333,0,0,0,PASS,"","Owner-computes by CSR row block; no atomics, but elements may be recomputed by multiple owners","macOS;arm64;Clang 21.0.0 (clang-2100.0.123.102);OpenMP 202011","","",""
"cube_tet4_8x8x8","cube_tet4_8x8x8",Tet4,physics_tet4,729,3072,2187,81873,cpu_atomic,11,11,3,0,0.3190413333,0.3190413333,0.3190413333,0.316083,0.322375,0.002582372596,0.3190413333,0.316083,0.322375,0.002582372596,4.078537368,0.3707761244,0,7.010708172e-17,3.051757812e-05,0,69.359375,0,0,0,0,0,0,0.3190413333,0,0,0,PASS,"","","macOS;arm64;Clang 21.0.0 (clang-2100.0.123.102);OpenMP 202011","","",""
"cube_tet4_8x8x8","cube_tet4_8x8x8",Tet4,physics_tet4,729,3072,2187,81873,cpu_private_csr,11,11,3,0.352875,0.3878056667,0.7406806667,0.3878056667,0.376167,0.405375,0.01264005331,0.7406806667,0.729042,0.75825,0.01264005331,3.355345504,0.3050314094,0.4764198877,1.1480801e-16,3.051757812e-05,7204824,76.265625,0,0.352875,0,0,0.03266633333,0,0.2791803333,0,0,0.075959,PASS,"","","macOS;arm64;Clang 21.0.0 (clang-2100.0.123.102);OpenMP 202011","","",""
"cube_tet4_8x8x8","cube_tet4_8x8x8",Tet4,physics_tet4,729,3072,2187,81873,cpu_coo_sort_reduce,11,11,3,0.001375,8.106847,8.106847,8.106847,8.034208,8.200458,0.06947246079,8.106847,8.034208,8.200458,0.06947246079,0.1605090117,0.01459172834,0.0001696097139,9.08896086e-17,3.051757812e-05,7077888,76.59375,0,0,0,0,0,0.3493333333,0,0.1233056667,7.502083333,0.1321246667,PASS,"","Transient memory estimate only; vector is allocated during assemble()","macOS;arm64;Clang 21.0.0 (clang-2100.0.123.102);OpenMP 202011","","",""
"cube_tet4_8x8x8","cube_tet4_8x8x8",Tet4,physics_tet4,729,3072,2187,81873,cpu_graph_coloring,11,11,3,0.249792,2.252805333,2.502597333,2.252805333,2.212583,2.2785,0.028804543,2.502597333,2.462375,2.528292,0.028804543,0.5776007277,0.05250915707,0.09981310084,8.818781652e-17,3.051757812e-05,24576,76.59375,30,0,0.249792,0,0,0,2.252805333,0,0,0,PASS,"","Greedy first-fit element coloring, colors=30","macOS;arm64;Clang 21.0.0 (clang-2100.0.123.102);OpenMP 202011","","",""
"cube_tet4_8x8x8","cube_tet4_8x8x8",Tet4,physics_tet4,729,3072,2187,81873,cpu_row_owner,11,11,3,0.806959,0.4343056667,1.241264667,0.4343056667,0.42225,0.447625,0.01039776567,1.241264667,1.229209,1.254584,0.01039776567,2.996097219,0.2723724744,0.6501103444,0,0,5308416,76.59375,0,0,0,0.806959,0,0,0.4343056667,0,0,0,PASS,"","Owner-computes by CSR row block; no atomics, but elements may be recomputed by multiple owners","macOS;arm64;Clang 21.0.0 (clang-2100.0.123.102);OpenMP 202011","","",""
"cube_tet4_8x8x8","cube_tet4_8x8x8",Tet4,physics_tet4,729,3072,2187,81873,cpu_atomic,12,12,3,4.2e-05,0.3570556667,0.3570556667,0.3570556667,0.313292,0.438125,0.05738527132,0.3570556667,0.313292,0.438125,0.05738527132,3.644311298,0.3036926082,0.0001176287171,7.060778954e-17,1.525878906e-05,0,76.625,0,0,0,0,0,0,0.3570556667,0,0,0,PASS,"","","macOS;arm64;Clang 21.0.0 (clang-2100.0.123.102);OpenMP 202011","","",""
"cube_tet4_8x8x8","cube_tet4_8x8x8",Tet4,physics_tet4,729,3072,2187,81873,cpu_private_csr,12,12,3,0.441167,0.3899166667,0.8310836667,0.3899166667,0.366917,0.42975,0.02827868128,0.8310836667,0.808084,0.870917,0.02827868128,3.337179739,0.2780983116,0.5308334379,1.147165723e-16,3.051757812e-05,7859808,84.140625,0,0.441167,0,0,0.03484733333,0,0.274639,0,0,0.08043033333,PASS,"","","macOS;arm64;Clang 21.0.0 (clang-2100.0.123.102);OpenMP 202011","","",""
"cube_tet4_8x8x8","cube_tet4_8x8x8",Tet4,physics_tet4,729,3072,2187,81873,cpu_coo_sort_reduce,12,12,3,0.001167,8.396374667,8.396374667,8.396374667,8.206666,8.524458,0.1368605132,8.396374667,8.206666,8.524458,0.1368605132,0.1549742659,0.01291452216,0.0001389885571,9.08896086e-17,3.051757812e-05,7077888,84.140625,0,0,0,0,0,0.384472,0,0.1200276667,7.744472,0.147403,PASS,"","Transient memory estimate only; vector is allocated during assemble()","macOS;arm64;Clang 21.0.0 (clang-2100.0.123.102);OpenMP 202011","","",""
"cube_tet4_8x8x8","cube_tet4_8x8x8",Tet4,physics_tet4,729,3072,2187,81873,cpu_graph_coloring,12,12,3,0.279,2.466528,2.745528,2.466528,2.4055,2.523292,0.04818281221,2.745528,2.6845,2.802292,0.04818281221,0.5275520894,0.04396267412,0.1016197977,8.818781652e-17,3.051757812e-05,24576,84.140625,30,0,0.279,0,0,0,2.466528,0,0,0,PASS,"","Greedy first-fit element coloring, colors=30","macOS;arm64;Clang 21.0.0 (clang-2100.0.123.102);OpenMP 202011","","",""
"cube_tet4_8x8x8","cube_tet4_8x8x8",Tet4,physics_tet4,729,3072,2187,81873,cpu_row_owner,12,12,3,0.821708,0.4964026667,1.318110667,0.4964026667,0.443084,0.556791,0.04668908225,1.318110667,1.264792,1.378499,0.04668908225,2.621303404,0.2184419504,0.6233983388,0,0,5308416,84.15625,0,0,0,0.821708,0,0,0.4964026667,0,0,0,PASS,"","Owner-computes by CSR row block; no atomics, but elements may be recomputed by multiple owners","macOS;arm64;Clang 21.0.0 (clang-2100.0.123.102);OpenMP 202011","","",""
"cube_tet4_8x8x8","cube_tet4_8x8x8",Tet4,physics_tet4,729,3072,2187,81873,cpu_atomic,13,13,3,0,0.311486,0.311486,0.311486,0.305375,0.31475,0.004324481703,0.311486,0.305375,0.31475,0.004324481703,4.17746544,0.3213434954,0,7.804135316e-17,3.051757812e-05,0,84.1875,0,0,0,0,0,0,0.311486,0,0,0,PASS,"","","macOS;arm64;Clang 21.0.0 (clang-2100.0.123.102);OpenMP 202011","","",""
"cube_tet4_8x8x8","cube_tet4_8x8x8",Tet4,physics_tet4,729,3072,2187,81873,cpu_private_csr,13,13,3,0.48125,0.3854586667,0.8667086667,0.3854586667,0.378,0.398292,0.009114332937,0.8667086667,0.85925,0.879542,0.009114332937,3.375775699,0.2596750538,0.5552615527,1.157040185e-16,3.051757812e-05,8514792,92.328125,0,0.48125,0,0,0.036653,0,0.264347,0,0,0.08445866667,PASS,"","","macOS;arm64;Clang 21.0.0 (clang-2100.0.123.102);OpenMP 202011","","",""
"cube_tet4_8x8x8","cube_tet4_8x8x8",Tet4,physics_tet4,729,3072,2187,81873,cpu_coo_sort_reduce,13,13,3,0.001375,8.535000333,8.535000333,8.535000333,8.394167,8.751542,0.1554092156,8.535000333,8.394167,8.751542,0.1554092156,0.1524571704,0.01172747464,0.0001611013411,9.08896086e-17,3.051757812e-05,7077888,92.328125,0,0,0,0,0,0.4768196667,0,0.1264443333,7.790569667,0.1411666667,PASS,"","Transient memory estimate only; vector is allocated during assemble()","macOS;arm64;Clang 21.0.0 (clang-2100.0.123.102);OpenMP 202011","","",""
"cube_tet4_8x8x8","cube_tet4_8x8x8",Tet4,physics_tet4,729,3072,2187,81873,cpu_graph_coloring,13,13,3,0.264334,2.628069667,2.892403667,2.628069667,2.497542,2.733458,0.09793902635,2.892403667,2.761876,2.997792,0.09793902635,0.4951246219,0.03808650938,0.09138904194,8.818781652e-17,3.051757812e-05,24576,92.328125,30,0,0.264334,0,0,0,2.628069667,0,0,0,PASS,"","Greedy first-fit element coloring, colors=30","macOS;arm64;Clang 21.0.0 (clang-2100.0.123.102);OpenMP 202011","","",""
"cube_tet4_8x8x8","cube_tet4_8x8x8",Tet4,physics_tet4,729,3072,2187,81873,cpu_row_owner,13,13,3,0.933292,0.4907363333,1.424028333,0.4907363333,0.4785,0.514875,0.01706915952,1.424028333,1.411792,1.448167,0.01706915952,2.651570531,0.2039669639,0.6553886451,0,0,5308416,92.421875,0,0,0,0.933292,0,0,0.4907363333,0,0,0,PASS,"","Owner-computes by CSR row block; no atomics, but elements may be recomputed by multiple owners","macOS;arm64;Clang 21.0.0 (clang-2100.0.123.102);OpenMP 202011","","",""
"cube_tet4_8x8x8","cube_tet4_8x8x8",Tet4,physics_tet4,729,3072,2187,81873,cpu_atomic,14,14,3,0,0.4168613333,0.4168613333,0.4168613333,0.344792,0.555792,0.09826182175,0.4168613333,0.344792,0.555792,0.09826182175,3.121474447,0.2229624605,0,7.422582934e-17,1.525878906e-05,0,92.46875,0,0,0,0,0,0,0.4168613333,0,0,0,PASS,"","","macOS;arm64;Clang 21.0.0 (clang-2100.0.123.102);OpenMP 202011","","",""
"cube_tet4_8x8x8","cube_tet4_8x8x8",Tet4,physics_tet4,729,3072,2187,81873,cpu_private_csr,14,14,3,0.488375,0.383069,0.871444,0.383069,0.377166,0.389458,0.005029941219,0.871444,0.865541,0.877833,0.005029941219,3.396834513,0.2426310366,0.5604204057,1.155808689e-16,3.051757812e-05,9169776,101.234375,0,0.488375,0,0,0.04001366667,0,0.2565276667,0,0,0.08652766667,PASS,"","","macOS;arm64;Clang 21.0.0 (clang-2100.0.123.102);OpenMP 202011","","",""
"cube_tet4_8x8x8","cube_tet4_8x8x8",Tet4,physics_tet4,729,3072,2187,81873,cpu_coo_sort_reduce,14,14,3,0.001167,8.329347333,8.329347333,8.329347333,8.135667,8.446167,0.1379208325,8.329347333,8.135667,8.446167,0.1379208325,0.1562213638,0.01115866884,0.000140107016,9.08896086e-17,3.051757812e-05,7077888,101.453125,0,0,0,0,0,0.3411803333,0,0.122528,7.723597,0.142042,PASS,"","Transient memory estimate only; vector is allocated during assemble()","macOS;arm64;Clang 21.0.0 (clang-2100.0.123.102);OpenMP 202011","","",""
"cube_tet4_8x8x8","cube_tet4_8x8x8",Tet4,physics_tet4,729,3072,2187,81873,cpu_graph_coloring,14,14,3,0.294667,2.713416667,3.008083667,2.713416667,2.620833,2.797375,0.07233056856,3.008083667,2.9155,3.092042,0.07233056856,0.4795511194,0.03425365139,0.09795837904,8.818781652e-17,3.051757812e-05,24576,101.453125,30,0,0.294667,0,0,0,2.713416667,0,0,0,PASS,"","Greedy first-fit element coloring, colors=30","macOS;arm64;Clang 21.0.0 (clang-2100.0.123.102);OpenMP 202011","","",""
"cube_tet4_8x8x8","cube_tet4_8x8x8",Tet4,physics_tet4,729,3072,2187,81873,cpu_row_owner,14,14,3,0.872666,0.4483196667,1.320985667,0.4483196667,0.427334,0.461375,0.01498588359,1.320985667,1.3,1.334041,0.01498588359,2.902442379,0.2073173128,0.6606173118,0,0,5308416,101.453125,0,0,0,0.872666,0,0,0.4483196667,0,0,0,PASS,"","Owner-computes by CSR row block; no atomics, but elements may be recomputed by multiple owners","macOS;arm64;Clang 21.0.0 (clang-2100.0.123.102);OpenMP 202011","","",""
